<?xml version="1.0" encoding="UTF-8" standalone="yes"?>
<ns2:ExportManifest xmlns:ns2="http://www.pentaho.com/schema/">
    <ExportManifestInformation exportDate="26-04-2021 05:33:53 UTC" exportBy="admin" rootFolder="/public/data-side-dev/" manifestVersion="2"/>
    <ExportManifestEntity path="teste">
        <ExportManifestProperty>
            <EntityMetaData name="teste" createdDate="2021-04-23T22:29:38.326Z" isFolder="true" path="teste" isHidden="false" isSchedulable="true" locale="pt_BR" title="teste"/>
        </ExportManifestProperty>
        <ExportManifestProperty>
            <EntityAcl>
                <entriesInheriting>true</entriesInheriting>
                <owner>dts_rodrigo_kartcheski</owner>
                <ownerType>USER</ownerType>
            </EntityAcl>
        </ExportManifestProperty>
    </ExportManifestEntity>
    <ExportManifestEntity path="teste/Job1.kjb">
        <ExportManifestProperty>
            <EntityMetaData name="Job1.kjb" createdDate="2021-04-23T22:33:11.156Z" isFolder="false" path="teste/Job1.kjb" isHidden="false" isSchedulable="true" locale="pt_BR" title="Job1"/>
        </ExportManifestProperty>
        <ExportManifestProperty>
            <EntityAcl>
                <entriesInheriting>true</entriesInheriting>
                <owner>dts_rodrigo_kartcheski</owner>
                <ownerType>USER</ownerType>
            </EntityAcl>
        </ExportManifestProperty>
    </ExportManifestEntity>
    <ExportManifestEntity path="teste/modelo.ktr">
        <ExportManifestProperty>
            <EntityMetaData name="modelo.ktr" createdDate="2021-04-24T17:06:00.191Z" isFolder="false" path="teste/modelo.ktr" isHidden="false" isSchedulable="true" locale="pt_BR" title="modelo"/>
        </ExportManifestProperty>
        <ExportManifestProperty>
            <EntityAcl>
                <entriesInheriting>true</entriesInheriting>
                <owner>dts_rodrigo_kartcheski</owner>
                <ownerType>USER</ownerType>
            </EntityAcl>
        </ExportManifestProperty>
    </ExportManifestEntity>
    <ExportManifestEntity path="teste/step1.ktr">
        <ExportManifestProperty>
            <EntityMetaData name="step1.ktr" createdDate="2021-04-23T22:30:08.409Z" isFolder="false" path="teste/step1.ktr" isHidden="false" isSchedulable="true" locale="pt_BR" title="step1"/>
        </ExportManifestProperty>
        <ExportManifestProperty>
            <EntityAcl>
                <entriesInheriting>true</entriesInheriting>
                <owner>dts_rodrigo_kartcheski</owner>
                <ownerType>USER</ownerType>
            </EntityAcl>
        </ExportManifestProperty>
    </ExportManifestEntity>
    <ExportManifestEntity path="teste/step2.ktr">
        <ExportManifestProperty>
            <EntityMetaData name="step2.ktr" createdDate="2021-04-23T22:35:29.108Z" isFolder="false" path="teste/step2.ktr" isHidden="false" isSchedulable="true" locale="pt_BR" title="step2"/>
        </ExportManifestProperty>
        <ExportManifestProperty>
            <EntityAcl>
                <entriesInheriting>true</entriesInheriting>
                <owner>dts_rodrigo_kartcheski</owner>
                <ownerType>USER</ownerType>
            </EntityAcl>
        </ExportManifestProperty>
    </ExportManifestEntity>
</ns2:ExportManifest>
